{
    "rmse": 0.709352092104129,
    "mae": 0.5588405325072767,
    "r2": 0.22161767273253896
}