{
    "rmse": 0.7393623749232117,
    "mae": 0.576039850397107,
    "r2": 0.27339501198475846
}